NATIONALITY,AVG_MARKET_VALUE
Nigerian,15069261.39641026
Mozambican,14736203.59432432
Zambian,12777043.06113636
Ghanaian,12298308.03659574
South African,12037870.23630435
Malawian,11727296.05547619
Zimbabwean,10367909.53222222
