POSITION,AVG_HEIGHT_CM,AVG_WEIGHT_KG
Forward,179.216867,78.759036
Goalkeeper,179.294118,78.985294
Midfielder,179.405063,76.037975
Defender,182.414286,78.128571
